<?xml version="1.0" encoding="UTF-8"?>
<project-private xmlns="http://www.netbeans.org/ns/project-private/1">
    <editor-bookmarks xmlns="http://www.netbeans.org/ns/editor-bookmarks/2" lastBookmarkId="0"/>
    <open-files xmlns="http://www.netbeans.org/ns/projectui-open-files/2">
        <group>
            <file>file:/C:/Users/thiag/Documents/NetBeansProjects/DaoTinder/web/cadastraconta_medinder.jsp</file>
            <file>file:/C:/Users/thiag/Documents/NetBeansProjects/DaoTinder/web/consultarclinicas_medinde.jsp</file>
            <file>file:/C:/Users/thiag/Documents/NetBeansProjects/DaoTinder/web/listaclinicas_medinder.jsp</file>
            <file>file:/C:/Users/thiag/Documents/NetBeansProjects/DaoTinder/web/atualizadados_medinder.jsp</file>
            <file>file:/C:/Users/thiag/Documents/NetBeansProjects/DaoTinder/web/consultarclinicas_medinder.jsp</file>
            <file>file:/C:/Users/thiag/Documents/NetBeansProjects/DaoTinder/web/style.css</file>
            <file>file:/C:/Users/thiag/Documents/NetBeansProjects/DaoTinder/web/index.html</file>
            <file>file:/C:/Users/thiag/Documents/NetBeansProjects/DaoTinder/web/fundologin.jpg</file>
            <file>file:/C:/Users/thiag/Documents/NetBeansProjects/DaoTinder/web/login_medinder.jsp</file>
        </group>
    </open-files>
</project-private>
